subject_1,subject_2,subject_3,subject_4,subject_5,subject_6,mean_score,final_lab
84,73,53,73,82,63,71.333,отлично
97,2,66,90,25,88,61.333,отлично
39,34,35,79,7,2,32.667,отлично
6,57,40,56,9,18,31.0,отлично
91,24,14,35,86,15,44.167,отлично
25,86,33,84,50,65,57.167,хорошо
54,26,92,5,85,56,53.0,хорошо
41,25,94,56,52,43,51.833,хорошо
18,86,88,74,85,43,65.667,отлично
68,46,40,75,84,34,57.833,хорошо
94,42,82,21,49,16,50.667,хорошо
1,8,25,38,69,7,24.667,удовлетворительно
68,23,96,83,0,51,53.5,хорошо
8,87,9,26,54,60,40.667,отлично
30,89,80,56,98,33,64.333,отлично
36,92,83,38,38,56,57.167,хорошо
56,64,71,81,70,58,66.667,отлично
14,38,48,71,42,26,39.833,отлично
33,78,3,93,28,69,50.667,хорошо
34,49,90,76,77,4,55.0,хорошо
32,63,14,52,0,41,33.667,отлично
38,46,6,80,7,54,38.5,отлично
50,56,80,69,26,28,51.5,хорошо
44,62,90,4,42,96,56.333,хорошо
21,61,13,32,22,82,38.5,отлично
94,2,27,13,64,75,45.833,отлично
11,53,40,80,87,89,60.0,отлично
59,71,30,2,6,40,34.667,отлично
48,23,7,61,19,39,32.833,отлично
22,62,40,8,28,36,32.667,отлично
90,15,37,72,28,32,45.667,отлично
96,30,54,10,17,59,44.333,отлично
59,75,50,18,28,46,46.0,отлично
73,0,32,4,18,21,24.667,удовлетворительно
36,97,49,11,8,50,41.833,отлично
72,60,24,56,51,52,52.5,хорошо
35,40,14,84,65,38,46.0,отлично
29,49,37,71,80,2,44.667,отлично
61,50,70,61,23,36,50.167,хорошо
25,16,1,0,20,38,16.667,удовлетворительно
64,98,53,37,80,64,66.0,отлично
32,92,44,46,68,29,51.833,хорошо
92,72,38,59,69,94,70.667,отлично
29,86,88,63,43,56,60.833,отлично
10,2,79,88,40,84,50.5,хорошо
59,40,16,11,68,77,45.167,отлично
13,98,61,47,50,90,59.833,хорошо
89,96,24,10,21,29,44.833,отлично
4,2,8,73,41,50,29.667,удовлетворительно
15,15,12,57,14,37,25.0,удовлетворительно
88,12,24,47,83,84,56.333,хорошо
40,39,43,30,3,43,33.0,отлично
70,57,87,58,71,26,61.5,отлично
65,55,87,34,33,67,56.833,хорошо
1,25,74,82,16,59,42.833,отлично
24,48,23,42,8,57,33.667,отлично
15,7,32,61,56,10,30.167,отлично
57,26,80,29,45,63,50.0,хорошо
68,48,39,9,84,54,50.333,хорошо
80,17,92,34,17,41,46.833,отлично
79,38,21,11,0,31,30.0,отлично
59,97,86,95,33,43,68.833,отлично
19,36,23,45,63,31,36.167,отлично
38,58,49,35,17,62,43.167,отлично
87,92,15,26,86,41,57.833,хорошо
29,5,76,75,72,80,56.167,хорошо
38,5,51,48,76,22,40.0,отлично
33,45,58,53,92,11,48.667,отлично
95,19,2,70,47,54,47.833,отлично
81,14,62,73,39,63,55.333,хорошо
28,1,37,69,29,86,41.667,отлично
16,34,40,47,53,30,36.667,отлично
74,93,68,49,39,32,59.167,хорошо
88,41,33,56,41,9,44.667,отлично
42,96,96,62,11,12,53.167,хорошо
16,1,87,50,83,78,52.5,хорошо
89,6,70,45,33,98,56.833,хорошо
45,60,45,96,89,72,67.833,отлично
84,98,33,15,15,98,57.167,хорошо
94,93,83,99,84,78,88.5,отлично
47,20,50,79,38,67,50.167,хорошо
21,56,99,54,93,57,63.333,отлично
0,22,61,69,29,84,44.167,отлично
85,39,44,30,52,14,44.0,отлично
5,1,20,36,7,8,12.833,удовлетворительно
42,95,84,83,12,12,54.667,хорошо
41,80,25,64,55,89,59.0,хорошо
54,82,34,53,95,78,66.0,отлично
3,10,94,31,46,56,40.0,отлично
62,93,22,8,66,94,57.5,хорошо
7,16,35,55,29,94,39.333,отлично
67,65,43,62,65,59,60.167,отлично
12,60,85,66,2,54,46.5,отлично
50,25,2,68,90,1,39.333,отлично
21,20,87,19,36,26,34.833,отлично
77,52,42,66,7,45,48.167,отлично
17,41,93,17,26,7,33.5,отлично
81,32,73,75,36,14,51.833,хорошо
69,90,11,30,39,69,51.333,хорошо
55,81,99,61,27,45,61.333,отлично
53,98,32,41,47,43,52.333,хорошо
62,4,34,26,31,19,29.333,удовлетворительно
7,28,5,75,22,24,26.833,удовлетворительно
25,64,97,33,47,79,57.5,хорошо
75,34,97,86,35,51,63.0,отлично
96,76,90,82,10,56,68.333,отлично
51,84,89,32,7,76,56.5,хорошо
90,2,33,92,55,33,50.833,хорошо
22,54,91,77,52,33,54.833,хорошо
58,61,92,10,97,18,56.0,хорошо
20,63,27,50,86,31,46.167,отлично
99,9,55,19,7,97,47.667,отлично
81,89,86,37,9,54,59.333,хорошо
94,45,41,77,71,84,68.667,отлично
63,79,0,4,63,43,42.0,отлично
51,9,26,24,38,8,26.0,удовлетворительно
14,32,72,30,14,28,31.667,отлично
99,12,0,97,81,69,59.667,хорошо
61,87,61,45,54,61,61.5,отлично
37,30,48,45,59,35,42.333,отлично
52,71,70,59,8,46,51.0,хорошо
58,2,2,27,95,15,33.167,отлично
82,17,9,79,66,15,44.667,отлично
80,69,99,8,90,73,69.833,отлично
55,49,46,98,89,19,59.333,хорошо
21,83,86,69,71,76,67.667,отлично
95,0,42,62,60,77,56.0,хорошо
26,60,27,49,35,78,45.833,отлично
76,51,91,83,20,4,54.167,хорошо
10,46,71,75,72,65,56.5,хорошо
29,80,23,9,4,95,40.0,отлично
27,92,76,1,7,60,43.833,отлично
49,81,69,55,12,34,50.0,хорошо
21,47,47,46,53,63,46.167,отлично
46,98,32,85,8,85,59.0,хорошо
42,25,95,54,87,86,64.833,отлично
42,26,78,47,14,31,39.667,отлично
35,55,42,65,36,84,52.833,хорошо
92,57,40,59,69,73,65.0,отлично
59,85,33,46,22,42,47.833,отлично
33,27,11,91,27,0,31.5,отлично
72,80,11,39,5,35,40.333,отлично
56,97,87,85,78,82,80.833,отлично
52,21,21,26,60,42,37.0,отлично
64,60,37,55,35,97,58.0,хорошо
65,65,64,7,56,48,50.833,хорошо
53,75,87,1,28,31,45.833,отлично
3,66,36,49,59,44,42.833,отлично
34,38,92,50,27,94,55.833,хорошо
92,26,82,93,59,9,60.167,отлично
49,3,5,2,65,17,23.5,удовлетворительно
64,70,29,46,37,7,42.167,отлично
49,91,33,97,98,97,77.5,отлично
76,21,69,92,64,46,61.333,отлично
58,24,89,95,22,97,64.167,отлично
10,73,92,36,26,87,54.0,хорошо
9,69,13,6,55,35,31.167,отлично
86,88,14,73,86,81,71.333,отлично
38,2,75,44,21,54,39.0,отлично
99,38,76,73,89,69,74.0,отлично
81,41,68,49,12,48,49.833,отлично
91,83,43,66,50,62,65.833,отлично
88,90,27,99,88,71,77.167,отлично
41,47,87,96,48,33,58.667,хорошо
0,55,16,51,93,47,43.667,отлично
17,0,31,91,27,1,27.833,удовлетворительно
3,99,28,6,7,0,23.833,удовлетворительно
38,68,27,24,4,52,35.5,отлично
55,28,62,61,19,95,53.333,хорошо
25,49,46,78,20,34,42.0,отлично
90,4,76,5,75,0,41.667,отлично
70,11,5,18,61,86,41.833,отлично
54,58,90,38,68,71,63.167,отлично
35,19,26,54,79,64,46.167,отлично
72,87,72,94,96,72,82.167,отлично
1,0,37,75,41,37,31.833,отлично
24,91,42,26,25,5,35.5,отлично
54,31,65,10,67,49,46.0,отлично
81,48,72,8,25,3,39.5,отлично
12,93,8,72,46,85,52.667,хорошо
87,60,1,62,18,75,50.5,хорошо
75,20,77,9,23,18,37.0,отлично
54,45,64,11,19,92,47.5,отлично
69,79,12,45,0,86,48.5,отлично
76,69,10,64,86,92,66.167,отлично
47,26,50,29,93,83,54.667,хорошо
89,83,34,93,77,35,68.5,отлично
92,31,34,3,28,97,47.5,отлично
77,95,35,52,85,79,70.5,отлично
75,91,24,16,62,37,50.833,хорошо
14,56,62,17,12,10,28.5,удовлетворительно
86,82,69,55,12,46,58.333,хорошо
63,87,20,15,28,60,45.5,отлично
52,59,46,70,42,95,60.667,отлично
13,25,7,80,78,54,42.833,отлично
40,68,91,14,51,38,50.333,хорошо
10,98,58,29,6,58,43.167,отлично
86,61,92,80,12,47,63.0,отлично
35,5,98,6,14,15,28.833,удовлетворительно
36,79,32,33,76,32,48.0,отлично
31,64,19,36,67,61,46.333,отлично
57,30,60,44,11,75,46.167,отлично
91,46,36,94,3,2,45.333,отлично
25,39,95,7,2,90,43.0,отлично
7,49,68,8,32,23,31.167,отлично
93,85,1,47,77,42,57.5,хорошо
28,85,25,9,40,98,47.5,отлично
68,43,2,43,63,18,39.5,отлично
62,21,1,91,77,64,52.667,хорошо
61,70,78,24,90,33,59.333,хорошо
63,29,9,27,77,88,48.833,отлично
25,39,52,37,46,9,34.667,отлично
83,32,98,87,35,26,60.167,отлично
36,11,10,43,20,8,21.333,удовлетворительно
86,51,72,8,48,86,58.5,хорошо
35,5,74,8,32,63,36.167,отлично
94,93,24,84,51,77,70.5,отлично
43,32,86,86,58,24,54.833,хорошо
92,7,94,69,9,26,49.5,отлично
90,62,57,3,52,2,44.333,отлично
10,37,36,87,10,46,37.667,отлично
67,27,26,14,32,67,38.833,отлично
81,70,12,31,64,21,46.5,отлично
7,72,57,46,66,45,48.833,отлично
45,86,46,57,54,3,48.5,отлично
78,87,47,16,21,11,43.333,отлично
79,5,56,65,96,47,58.0,хорошо
32,34,83,53,80,51,55.5,хорошо
83,52,27,19,88,90,59.833,хорошо
71,17,9,75,31,38,40.167,отлично
74,63,50,29,1,30,41.167,отлично
0,90,65,28,19,44,41.0,отлично
33,8,95,20,98,92,57.667,хорошо
93,25,5,96,49,19,47.833,отлично
55,89,2,10,95,81,55.333,хорошо
71,82,51,22,16,21,43.833,отлично
5,22,62,45,10,26,28.333,удовлетворительно
10,24,99,27,69,15,40.667,отлично
83,40,28,3,90,16,43.333,отлично
24,71,14,56,79,30,45.667,отлично
2,6,67,29,80,55,39.833,отлично
25,60,54,78,88,16,53.5,хорошо
59,6,43,72,17,6,33.833,отлично
4,72,35,75,49,75,51.667,хорошо
89,97,42,36,65,7,56.0,хорошо
57,53,9,93,26,90,54.667,хорошо
46,20,6,29,80,1,30.333,отлично
40,43,99,49,80,69,63.333,отлично
46,90,48,3,87,51,54.167,хорошо
21,41,97,83,65,46,58.833,хорошо
84,84,17,96,81,17,63.167,отлично
79,43,46,90,23,97,63.0,отлично
16,54,62,79,60,1,45.333,отлично
82,71,81,73,41,49,66.167,отлично
80,81,40,52,62,41,59.333,хорошо
84,53,61,2,49,31,46.667,отлично
1,92,71,26,41,3,39.0,отлично
82,95,26,12,18,54,47.833,отлично
45,90,66,70,27,54,58.667,хорошо
64,77,58,41,32,1,45.5,отлично
2,23,41,6,41,55,28.0,удовлетворительно
98,16,1,87,34,59,49.167,отлично
76,15,79,44,37,4,42.5,отлично
63,88,67,96,13,86,68.833,отлично
1,32,7,29,8,21,16.333,удовлетворительно
47,30,88,40,56,89,58.333,хорошо
63,6,33,18,47,92,43.167,отлично
18,43,22,18,9,26,22.667,удовлетворительно
75,2,40,79,89,40,54.167,хорошо
59,9,30,37,47,67,41.5,отлично
71,14,32,86,16,19,39.667,отлично
45,39,10,97,38,0,38.167,отлично
7,91,22,87,94,32,55.5,хорошо
45,89,81,48,27,3,48.833,отлично
35,95,35,15,38,51,44.833,отлично
86,51,61,50,64,10,53.667,хорошо
56,50,3,29,90,18,41.0,отлично
53,57,48,27,57,42,47.333,отлично
63,12,6,40,15,83,36.5,отлично
78,86,27,26,42,3,43.667,отлично
42,80,65,91,11,79,61.333,отлично
18,77,83,63,96,26,60.5,отлично
67,94,77,61,57,33,64.833,отлично
92,42,88,82,56,13,62.167,отлично
98,30,22,55,53,33,48.5,отлично
51,35,21,10,67,37,36.833,отлично
79,62,64,98,26,94,70.5,отлично
90,75,41,53,45,86,65.0,отлично
17,10,96,55,45,0,37.167,отлично
71,89,31,75,96,48,68.333,отлично
70,10,35,48,32,82,46.167,отлично
13,27,39,0,69,16,27.333,удовлетворительно
3,67,17,80,80,70,52.833,хорошо
82,26,71,85,21,6,48.5,отлично
78,97,60,22,55,15,54.5,хорошо
41,46,49,2,67,43,41.333,отлично
95,52,88,40,27,95,66.167,отлично
12,49,84,92,82,8,54.5,хорошо
62,35,17,37,47,14,35.333,отлично
65,38,38,84,81,6,52.0,хорошо
44,53,89,6,44,42,46.333,отлично
96,17,40,23,38,43,42.833,отлично
98,62,1,6,36,33,39.333,отлично
15,39,98,46,25,62,47.5,отлично
34,26,97,49,34,6,41.0,отлично
10,13,99,14,17,53,34.333,отлично
99,6,93,34,73,51,59.333,хорошо
33,8,46,79,88,20,45.667,отлично
51,86,3,50,87,18,49.167,отлично
39,56,50,39,38,78,50.0,хорошо
65,78,93,63,60,76,72.5,отлично
41,87,30,14,83,90,57.5,хорошо
34,46,9,10,39,10,24.667,удовлетворительно
99,91,44,71,69,36,68.333,отлично
75,52,77,40,59,54,59.5,хорошо
38,30,15,14,93,80,45.0,отлично
5,38,26,48,55,82,42.333,отлично
62,28,24,16,68,68,44.333,отлично
38,1,81,54,5,9,31.333,отлично
60,96,78,1,90,68,65.5,отлично
4,44,62,76,62,72,53.333,хорошо
17,75,8,84,88,79,58.5,хорошо
64,58,97,90,97,38,74.0,отлично
7,17,31,19,86,65,37.5,отлично
71,21,42,72,82,67,59.167,хорошо
11,0,96,4,82,69,43.667,отлично
91,19,36,8,18,23,32.5,отлично
61,47,72,1,47,38,44.333,отлично
54,61,26,18,18,16,32.167,отлично
38,36,20,39,81,52,44.333,отлично
65,89,65,31,54,97,66.833,отлично
63,16,19,28,41,4,28.5,удовлетворительно
92,38,70,49,33,10,48.667,отлично
38,42,49,58,85,42,52.333,хорошо
85,70,53,1,42,98,58.167,хорошо
24,48,60,74,5,51,43.667,отлично
31,8,4,38,41,16,23.0,удовлетворительно
30,40,50,9,70,14,35.5,отлично
53,97,10,71,30,14,45.833,отлично
23,38,87,45,24,9,37.667,отлично
43,95,51,32,59,43,53.833,хорошо
35,32,19,30,93,31,40.0,отлично
33,33,8,4,79,83,40.0,отлично
31,77,62,43,16,81,51.667,хорошо
48,34,23,25,63,42,39.167,отлично
98,30,48,45,8,27,42.667,отлично
22,46,1,39,2,7,19.5,удовлетворительно
91,54,14,19,73,78,54.833,хорошо
55,39,36,16,20,70,39.333,отлично
22,44,20,75,17,71,41.5,отлично
88,45,46,54,17,53,50.5,хорошо
69,66,86,25,64,47,59.5,хорошо
76,14,89,25,44,58,51.0,хорошо
52,35,77,94,24,75,59.5,хорошо
45,31,86,15,32,98,51.167,хорошо
53,60,99,76,57,92,72.833,отлично
57,88,91,5,22,63,54.333,хорошо
71,54,20,4,75,26,41.667,отлично
33,57,89,16,15,17,37.833,отлично
71,78,18,42,18,70,49.5,отлично
91,88,37,7,9,86,53.0,хорошо
44,2,57,4,33,11,25.167,удовлетворительно
18,9,42,74,16,17,29.333,удовлетворительно
55,88,37,19,48,36,47.167,отлично
99,47,33,9,5,78,45.167,отлично
86,41,81,22,4,74,51.333,хорошо
9,30,0,48,49,94,38.333,отлично
13,12,37,89,58,49,43.0,отлично
89,35,27,47,89,38,54.167,хорошо
6,40,34,91,62,65,49.667,отлично
16,7,36,67,21,17,27.333,удовлетворительно
86,86,41,12,22,2,41.5,отлично
70,96,65,65,22,76,65.667,отлично
37,43,23,36,41,49,38.167,отлично
49,83,46,39,10,33,43.333,отлично
2,21,36,31,9,23,20.333,удовлетворительно
37,92,72,39,75,60,62.5,отлично
79,33,10,96,19,23,43.333,отлично
83,8,24,31,7,82,39.167,отлично
35,14,62,19,95,7,38.667,отлично
73,67,70,97,49,76,72.0,отлично
30,49,73,24,56,4,39.333,отлично
40,75,32,57,14,89,51.167,хорошо
63,85,17,9,81,52,51.167,хорошо
0,11,48,92,28,67,41.0,отлично
40,79,62,77,17,31,51.0,хорошо
0,94,14,50,97,60,52.5,хорошо
80,75,30,7,27,83,50.333,хорошо
58,97,1,72,12,57,49.5,отлично
29,62,63,46,67,54,53.5,хорошо
4,40,5,60,55,38,33.667,отлично
7,57,53,11,43,82,42.167,отлично
71,52,9,59,52,91,55.667,хорошо
55,20,97,69,29,73,57.167,хорошо
83,3,53,70,7,20,39.333,отлично
0,0,68,4,30,79,30.167,отлично
90,12,98,9,21,29,43.167,отлично
36,5,48,81,54,55,46.5,отлично
68,14,84,2,86,51,50.833,хорошо
42,72,2,95,90,48,58.167,хорошо
24,42,12,45,95,17,39.167,отлично
96,94,34,8,49,47,54.667,хорошо
23,90,33,33,93,69,56.833,хорошо
66,86,73,0,33,38,49.333,отлично
31,3,5,83,33,29,30.667,отлично
6,89,84,3,8,56,41.0,отлично
73,76,4,82,38,52,54.167,хорошо
43,41,55,42,96,61,56.333,хорошо
48,74,17,67,10,10,37.667,отлично
19,5,89,85,29,0,37.833,отлично
30,15,90,21,56,91,50.5,хорошо
90,19,65,89,81,14,59.667,хорошо
4,31,96,74,9,90,50.667,хорошо
92,68,77,4,45,46,55.333,хорошо
63,33,8,39,18,93,42.333,отлично
84,37,15,67,15,39,42.833,отлично
91,69,4,96,89,50,66.5,отлично
62,21,70,20,59,83,52.5,хорошо
65,2,59,0,60,19,34.167,отлично
93,66,39,41,35,70,57.333,хорошо
81,55,42,54,56,58,57.667,хорошо
90,34,63,6,12,48,42.167,отлично
79,51,11,48,60,98,57.833,хорошо
46,47,30,23,62,59,44.5,отлично
85,87,38,22,19,92,57.167,хорошо
3,14,26,99,23,26,31.833,отлично
8,69,75,95,18,76,56.833,хорошо
43,12,89,37,5,5,31.833,отлично
29,93,61,10,27,31,41.833,отлично
61,96,80,61,67,54,69.833,отлично
88,0,37,20,60,96,50.167,хорошо
31,41,28,88,0,99,47.833,отлично
58,3,47,83,59,16,44.333,отлично
2,54,30,34,86,88,49.0,отлично
77,29,85,85,69,86,71.833,отлично
66,67,72,93,42,6,57.667,хорошо
2,4,8,87,48,61,35.0,отлично
78,82,15,38,84,52,58.167,хорошо
2,55,25,98,58,2,40.0,отлично
68,78,76,91,25,48,64.333,отлично
80,23,84,23,63,1,45.667,отлично
13,21,99,1,36,69,39.833,отлично
23,56,74,68,82,37,56.667,хорошо
38,21,51,13,63,32,36.333,отлично
38,10,61,28,67,44,41.333,отлично
70,41,3,96,55,10,45.833,отлично
9,49,29,48,77,46,43.0,отлично
93,95,26,39,70,64,64.5,отлично
60,2,23,36,40,81,40.333,отлично
79,59,91,96,89,10,70.667,отлично
40,53,70,54,94,90,66.833,отлично
98,21,94,74,68,25,63.333,отлично
36,3,12,29,82,38,33.333,отлично
4,36,14,2,82,6,24.0,удовлетворительно
81,67,73,90,19,91,70.167,отлично
44,78,87,79,39,30,59.5,хорошо
94,68,86,61,65,50,70.667,отлично
72,81,90,10,96,20,61.5,отлично
31,49,93,61,32,31,49.5,отлично
71,32,90,47,49,89,63.0,отлично
44,39,15,35,42,5,30.0,отлично
99,6,11,69,93,31,51.5,хорошо
37,55,29,11,27,94,42.167,отлично
10,87,38,48,85,23,48.5,отлично
84,31,68,56,59,16,52.333,хорошо
89,21,64,35,73,95,62.833,отлично
97,3,94,27,10,28,43.167,отлично
37,27,5,48,6,65,31.333,отлично
58,56,93,52,96,44,66.5,отлично
12,64,31,14,59,74,42.333,отлично
54,67,65,54,38,52,55.0,хорошо
37,82,23,26,29,37,39.0,отлично
97,47,22,36,59,11,45.333,отлично
2,91,33,9,27,59,36.833,отлично
61,67,95,12,34,3,45.333,отлично
41,34,58,78,27,66,50.667,хорошо
19,90,68,28,77,8,48.333,отлично
88,44,10,16,84,94,56.0,хорошо
38,91,76,46,69,49,61.5,отлично
58,0,21,8,63,88,39.667,отлично
31,84,80,66,59,98,69.667,отлично
83,91,54,94,21,56,66.5,отлично
27,63,11,86,85,15,47.833,отлично
30,55,73,27,36,73,49.0,отлично
64,34,22,53,72,51,49.333,отлично
16,62,99,72,94,39,63.667,отлично
32,84,54,4,73,99,57.667,хорошо
98,1,67,38,65,77,57.667,хорошо
48,34,19,69,18,10,33.0,отлично
54,90,24,19,3,21,35.167,отлично
50,37,87,67,45,21,51.167,хорошо
37,10,94,28,51,61,46.833,отлично
9,3,20,63,83,90,44.667,отлично
0,45,98,82,26,43,49.0,отлично
88,88,99,39,46,85,74.167,отлично
15,37,46,96,37,52,47.167,отлично
54,90,87,15,23,65,55.667,хорошо
5,14,92,58,78,21,44.667,отлично
15,88,88,24,2,23,40.0,отлично
9,66,86,26,35,56,46.333,отлично
76,76,16,29,89,10,49.333,отлично
93,38,57,46,46,30,51.667,хорошо
51,70,91,89,96,21,69.667,отлично
45,99,39,4,99,19,50.833,хорошо
87,42,5,90,73,19,52.667,хорошо
74,37,86,16,76,4,48.833,отлично
24,14,86,0,16,58,33.0,отлично
54,87,59,62,97,63,70.333,отлично
14,24,28,53,34,9,27.0,удовлетворительно
8,49,70,96,20,71,52.333,хорошо
99,94,96,82,48,25,74.0,отлично
70,39,72,43,45,44,52.167,хорошо
28,88,11,70,40,49,47.667,отлично
42,65,66,30,53,30,47.667,отлично
72,55,57,30,58,58,55.0,хорошо
33,59,62,10,76,67,51.167,хорошо
70,62,34,58,67,42,55.5,хорошо
40,72,2,94,45,99,58.667,хорошо
16,15,37,56,65,3,32.0,отлично
28,21,55,65,32,45,41.0,отлично
93,16,12,52,79,3,42.5,отлично
58,91,95,75,29,59,67.833,отлично
26,6,40,0,25,73,28.333,удовлетворительно
41,83,91,3,20,17,42.5,отлично
40,92,39,56,84,24,55.833,хорошо
55,29,98,69,21,91,60.5,отлично
28,36,2,30,64,83,40.5,отлично
25,68,80,55,33,86,57.833,хорошо
0,36,90,8,18,63,35.833,отлично
73,70,3,85,39,92,60.333,отлично
53,99,68,99,92,65,79.333,отлично
81,41,67,95,19,16,53.167,хорошо
51,95,50,73,74,71,69.0,отлично
65,60,0,62,97,45,54.833,хорошо
96,16,14,74,14,55,44.833,отлично
5,18,90,26,28,98,44.167,отлично
72,50,53,43,54,14,47.667,отлично
72,22,21,95,91,61,60.333,отлично
23,77,27,78,73,65,57.167,хорошо
21,50,70,23,71,32,44.5,отлично
39,53,79,13,77,32,48.833,отлично
69,87,8,46,74,73,59.5,хорошо
18,17,23,80,93,84,52.5,хорошо
25,77,41,19,18,66,41.0,отлично
81,14,21,88,60,19,47.167,отлично
67,72,39,30,24,86,53.0,хорошо
66,43,55,93,69,0,54.333,хорошо
50,41,81,1,58,99,55.0,хорошо
35,7,91,46,82,98,59.833,хорошо
12,45,47,88,59,32,47.167,отлично
63,24,4,73,88,61,52.167,хорошо
34,99,76,28,26,18,46.833,отлично
38,65,13,7,59,39,36.833,отлично
22,53,56,79,75,18,50.5,хорошо
90,38,48,32,8,89,50.833,хорошо
10,76,47,62,82,69,57.667,хорошо
60,6,64,70,40,0,40.0,отлично
59,92,29,99,73,72,70.667,отлично
52,69,55,45,33,32,47.667,отлично
59,65,64,57,11,78,55.667,хорошо
39,64,69,14,71,86,57.167,хорошо
67,76,98,79,64,90,79.0,отлично
60,61,67,32,93,73,64.333,отлично
24,9,92,62,19,72,46.333,отлично
65,12,28,6,21,59,31.833,отлично
15,62,44,17,75,40,42.167,отлично
6,25,54,38,43,91,42.833,отлично
43,91,63,69,86,85,72.833,отлично
87,41,90,60,21,32,55.167,хорошо
56,61,47,69,20,69,53.667,хорошо
92,91,59,11,37,32,53.667,хорошо
95,85,55,82,68,22,67.833,отлично
34,85,17,18,11,8,28.833,удовлетворительно
57,64,83,75,81,31,65.167,отлично
55,56,73,1,85,82,58.667,хорошо
36,80,50,26,68,59,53.167,хорошо
42,64,93,75,46,17,56.167,хорошо
71,21,48,16,71,95,53.667,хорошо
17,55,63,53,61,49,49.667,отлично
47,35,0,44,59,88,45.5,отлично
68,54,33,94,31,23,50.5,хорошо
90,52,87,55,32,3,53.167,хорошо
38,40,8,58,11,66,36.833,отлично
96,6,73,94,37,34,56.667,хорошо
0,14,10,19,26,50,19.833,удовлетворительно
9,46,83,32,97,43,51.667,хорошо
10,54,44,41,56,29,39.0,отлично
35,14,33,80,72,22,42.667,отлично
93,73,50,90,69,59,72.333,отлично
80,50,59,47,80,9,54.167,хорошо
34,51,18,75,17,92,47.833,отлично
56,26,69,9,18,2,30.0,отлично
62,75,40,40,13,84,52.333,хорошо
89,66,41,46,40,63,57.5,хорошо
19,80,41,41,60,90,55.167,хорошо
12,87,15,96,36,72,53.0,хорошо
53,90,32,13,99,96,63.833,отлично
5,67,9,56,77,32,41.0,отлично
97,6,87,86,82,65,70.5,отлично
0,34,23,10,46,90,33.833,отлично
67,0,44,47,48,16,37.0,отлично
13,59,44,92,31,2,40.167,отлично
38,46,67,96,99,44,65.0,отлично
3,27,12,81,65,74,43.667,отлично
84,65,36,87,67,30,61.5,отлично
28,9,1,45,78,19,30.0,отлично
18,47,76,6,84,83,52.333,хорошо
37,37,12,21,61,44,35.333,отлично
97,97,36,41,67,30,61.333,отлично
63,80,2,29,65,85,54.0,хорошо
61,56,16,18,96,38,47.5,отлично
6,35,14,85,59,1,33.333,отлично
28,68,3,8,83,5,32.5,отлично
97,9,19,78,47,22,45.333,отлично
41,18,52,75,85,82,58.833,хорошо
99,42,6,75,46,93,60.167,отлично
10,85,55,82,13,77,53.667,хорошо
56,81,23,40,8,71,46.5,отлично
39,78,53,71,6,35,47.0,отлично
63,85,14,10,60,94,54.333,хорошо
84,8,7,84,77,11,45.167,отлично
31,2,14,17,83,3,25.0,удовлетворительно
44,75,56,52,17,52,49.333,отлично
98,86,89,19,61,34,64.5,отлично
64,36,12,64,35,99,51.667,хорошо
89,63,58,52,8,16,47.667,отлично
88,46,9,13,72,5,38.833,отлично
47,21,17,31,43,88,41.167,отлично
19,37,19,95,71,67,51.333,хорошо
73,17,20,26,53,61,41.667,отлично
61,68,85,84,51,0,58.167,хорошо
21,38,94,61,79,97,65.0,отлично
56,32,33,57,57,47,47.0,отлично
22,81,92,30,98,56,63.167,отлично
1,98,86,5,4,30,37.333,отлично
45,66,8,71,98,31,53.167,хорошо
16,17,71,70,93,99,61.0,отлично
28,68,49,10,31,48,39.0,отлично
57,9,44,81,30,51,45.333,отлично
87,22,58,65,92,34,59.667,хорошо
49,63,44,1,49,65,45.167,отлично
25,90,82,1,41,32,45.167,отлично
1,32,27,15,5,14,15.667,удовлетворительно
70,7,32,68,51,78,51.0,хорошо
61,88,43,62,78,14,57.667,хорошо
46,9,5,39,13,16,21.333,удовлетворительно
42,59,8,60,54,54,46.167,отлично
14,6,47,24,33,25,24.833,удовлетворительно
81,25,42,44,20,5,36.167,отлично
97,5,19,17,52,31,36.833,отлично
29,10,50,31,87,48,42.5,отлично
71,70,77,27,64,35,57.333,хорошо
11,69,26,67,20,55,41.333,отлично
44,64,27,66,17,64,47.0,отлично
13,41,82,65,52,30,47.167,отлично
94,16,83,17,90,1,50.167,хорошо
36,51,2,36,68,66,43.167,отлично
75,86,55,43,50,47,59.333,хорошо
30,83,95,90,83,98,79.833,отлично
51,47,46,95,85,88,68.667,отлично
16,54,75,3,70,87,50.833,хорошо
50,50,28,24,16,3,28.5,удовлетворительно
11,8,25,68,34,72,36.333,отлично
14,37,89,61,57,58,52.667,хорошо
2,18,39,18,38,6,20.167,удовлетворительно
2,47,25,7,35,22,23.0,удовлетворительно
96,12,56,10,46,47,44.5,отлично
60,64,88,31,62,3,51.333,хорошо
18,22,45,21,8,39,25.5,удовлетворительно
80,33,19,48,12,31,37.167,отлично
35,45,46,49,7,61,40.5,отлично
81,33,78,54,3,51,50.0,хорошо
54,27,57,79,78,75,61.667,отлично
1,8,7,46,28,49,23.167,удовлетворительно
4,71,81,27,8,52,40.5,отлично
57,65,26,18,74,6,41.0,отлично
51,98,67,25,23,80,57.333,хорошо
12,3,89,51,8,66,38.167,отлично
29,74,65,13,49,19,41.5,отлично
19,58,91,4,11,8,31.833,отлично
66,41,20,31,16,87,43.5,отлично
64,85,23,90,20,3,47.5,отлично
56,62,31,68,89,88,65.667,отлично
38,83,10,20,46,23,36.667,отлично
48,7,95,91,12,18,45.167,отлично
98,48,49,3,37,59,49.0,отлично
7,6,95,17,31,58,35.667,отлично
77,4,11,70,44,9,35.833,отлично
75,33,96,93,96,12,67.5,отлично
44,83,84,4,7,51,45.5,отлично
2,47,18,22,92,0,30.167,отлично
1,47,89,36,43,35,41.833,отлично
55,1,22,20,43,97,39.667,отлично
36,94,71,79,8,9,49.5,отлично
34,65,42,12,52,73,46.333,отлично
32,90,19,64,28,66,49.833,отлично
0,59,30,52,83,37,43.5,отлично
42,65,89,38,19,16,44.833,отлично
23,32,47,1,38,74,35.833,отлично
67,71,51,75,70,14,58.0,хорошо
61,59,97,62,90,73,73.667,отлично
15,15,43,3,50,36,27.0,удовлетворительно
19,13,25,52,60,57,37.667,отлично
47,88,57,37,83,13,54.167,хорошо
82,18,80,53,45,54,55.333,хорошо
59,33,91,2,64,25,45.667,отлично
29,15,50,91,94,6,47.5,отлично
94,17,52,22,1,56,40.333,отлично
73,45,93,74,64,91,73.333,отлично
11,94,75,55,35,57,54.5,хорошо
96,28,65,76,26,10,50.167,хорошо
73,96,19,5,14,25,38.667,отлично
95,17,81,51,17,49,51.667,хорошо
34,90,13,2,80,70,48.167,отлично
16,19,11,4,27,14,15.167,удовлетворительно
1,75,79,78,60,13,51.0,хорошо
82,87,32,88,62,64,69.167,отлично
15,83,73,45,4,25,40.833,отлично
72,88,61,28,22,21,48.667,отлично
52,81,82,81,13,67,62.667,отлично
18,43,0,30,49,93,38.833,отлично
15,97,85,0,78,87,60.333,отлично
39,45,43,11,79,56,45.5,отлично
55,37,39,79,33,92,55.833,хорошо
52,74,94,13,77,31,56.833,хорошо
48,21,9,60,71,87,49.333,отлично
48,33,82,72,85,72,65.333,отлично
39,26,38,46,34,36,36.5,отлично
62,43,47,95,24,27,49.667,отлично
2,13,41,88,85,94,53.833,хорошо
34,42,92,35,83,32,53.0,хорошо
47,55,13,1,51,3,28.333,удовлетворительно
91,63,80,60,10,37,56.833,хорошо
15,92,62,68,3,32,45.333,отлично
67,41,94,5,0,30,39.5,отлично
32,77,83,10,92,63,59.5,хорошо
82,47,15,74,54,28,50.0,хорошо
36,43,15,5,16,61,29.333,удовлетворительно
57,48,8,98,86,98,65.833,отлично
3,73,96,94,79,64,68.167,отлично
61,97,84,93,36,91,77.0,отлично
33,32,91,46,79,35,52.667,хорошо
91,19,37,8,40,95,48.333,отлично
39,47,13,27,12,23,26.833,удовлетворительно
34,16,40,61,50,53,42.333,отлично
69,40,33,66,3,48,43.167,отлично
48,41,69,21,66,24,44.833,отлично
43,24,22,50,88,29,42.667,отлично
24,20,12,66,19,54,32.5,отлично
51,38,38,68,48,61,50.667,хорошо
57,22,47,27,32,94,46.5,отлично
96,28,71,87,63,76,70.167,отлично
18,49,30,4,0,65,27.667,удовлетворительно
99,6,66,24,14,59,44.667,отлично
0,7,56,67,88,54,45.333,отлично
92,88,92,17,68,81,73.0,отлично
58,88,91,14,47,80,63.0,отлично
31,34,53,94,20,75,51.167,хорошо
94,33,81,81,94,96,79.833,отлично
2,1,7,48,68,27,25.5,удовлетворительно
40,24,41,63,53,69,48.333,отлично
10,97,48,14,37,25,38.5,отлично
88,17,30,29,66,65,49.167,отлично
21,84,53,77,6,38,46.5,отлично
6,29,82,7,10,16,25.0,удовлетворительно
73,25,59,91,74,28,58.333,хорошо
35,89,22,16,53,84,49.833,отлично
15,16,7,76,16,99,38.167,отлично
98,56,67,54,46,70,65.167,отлично
39,8,49,11,5,21,22.167,удовлетворительно
95,76,20,76,65,51,63.833,отлично
97,60,27,99,43,48,62.333,отлично
90,74,53,11,67,13,51.333,хорошо
0,0,7,66,44,22,23.167,удовлетворительно
11,86,92,14,0,70,45.5,отлично
68,91,53,60,95,8,62.5,отлично
27,12,14,46,6,33,23.0,удовлетворительно
6,75,65,66,34,86,55.333,хорошо
7,73,27,8,58,46,36.5,отлично
8,63,51,79,13,20,39.0,отлично
0,72,3,77,68,95,52.5,хорошо
2,16,38,75,86,49,44.333,отлично
78,23,56,62,90,92,66.833,отлично
55,15,78,69,88,17,53.667,хорошо
40,93,93,50,85,98,76.5,отлично
59,31,67,21,16,10,34.0,отлично
30,47,19,73,90,64,53.833,хорошо
35,87,78,32,82,61,62.5,отлично
78,67,80,58,50,50,63.833,отлично
86,40,3,1,75,47,42.0,отлично
44,87,21,99,88,95,72.333,отлично
6,73,36,70,41,63,48.167,отлично
88,60,78,65,77,83,75.167,отлично
57,12,4,18,64,71,37.667,отлично
79,64,29,77,62,16,54.5,хорошо
30,9,82,68,15,38,40.333,отлично
17,23,69,46,88,61,50.667,хорошо
91,38,0,39,73,38,46.5,отлично
80,81,80,28,15,80,60.667,отлично
33,65,65,10,14,12,33.167,отлично
78,60,92,53,46,55,64.0,отлично
70,49,1,92,49,90,58.5,хорошо
56,5,86,12,81,70,51.667,хорошо
22,61,78,82,58,8,51.5,хорошо
3,24,41,51,96,96,51.833,хорошо
87,84,36,94,63,27,65.167,отлично
46,57,39,83,63,24,52.0,хорошо
87,56,95,62,13,6,53.167,хорошо
22,99,66,57,71,68,63.833,отлично
7,94,21,9,30,71,38.667,отлично
62,85,63,86,8,69,62.167,отлично
45,78,16,39,7,17,33.667,отлично
61,75,54,84,59,45,63.0,отлично
61,49,13,2,86,95,51.0,хорошо
47,83,47,21,89,93,63.333,отлично
75,95,68,62,85,12,66.167,отлично
17,67,33,9,72,94,48.667,отлично
30,77,6,74,27,20,39.0,отлично
97,46,75,25,31,40,52.333,хорошо
22,61,67,26,79,55,51.667,хорошо
75,7,81,46,25,4,39.667,отлично
19,42,17,42,25,60,34.167,отлично
48,60,16,59,37,5,37.5,отлично
13,95,61,68,84,55,62.667,отлично
22,96,62,69,23,39,51.833,хорошо
1,46,54,87,11,35,39.0,отлично
33,4,51,91,64,35,46.333,отлично
57,35,61,50,40,19,43.667,отлично
25,61,7,84,63,10,41.667,отлично
85,27,27,88,21,65,52.167,хорошо
27,39,38,67,3,92,44.333,отлично
11,24,87,5,2,60,31.5,отлично
50,82,7,97,41,17,49.0,отлично
85,58,64,30,29,41,51.167,хорошо
60,6,81,77,55,10,48.167,отлично
39,0,56,8,39,53,32.5,отлично
46,23,45,73,1,69,42.833,отлично
45,56,38,39,54,88,53.333,хорошо
16,3,75,55,18,72,39.833,отлично
35,16,1,51,10,76,31.5,отлично
18,77,83,95,46,60,63.167,отлично
96,64,42,44,21,67,55.667,хорошо
49,97,48,68,14,52,54.667,хорошо
36,30,90,71,80,20,54.5,хорошо
51,51,4,71,16,93,47.667,отлично
60,34,62,9,52,10,37.833,отлично
23,22,70,67,97,40,53.167,хорошо
88,24,82,3,96,47,56.667,хорошо
70,9,83,25,8,96,48.5,отлично
94,86,46,94,51,25,66.0,отлично
14,89,0,84,77,3,44.5,отлично
61,44,34,99,97,82,69.5,отлично
31,61,96,59,31,81,59.833,хорошо
94,38,88,14,69,53,59.333,хорошо
48,52,22,22,75,49,44.667,отлично
12,35,24,82,89,0,40.333,отлично
67,28,29,27,61,13,37.5,отлично
24,29,60,53,23,13,33.667,отлично
27,27,87,81,7,24,42.167,отлично
63,8,51,7,91,51,45.167,отлично
7,95,88,38,25,58,51.833,хорошо
34,12,1,44,79,37,34.5,отлично
75,21,14,92,49,45,49.333,отлично
17,59,83,13,25,80,46.167,отлично
68,61,93,81,73,84,76.667,отлично
9,45,2,37,84,69,41.0,отлично
96,66,53,40,40,36,55.167,хорошо
0,17,58,17,53,86,38.5,отлично
75,88,45,68,46,97,69.833,отлично
32,1,78,39,68,24,40.333,отлично
32,86,27,65,41,83,55.667,хорошо
93,5,6,43,44,99,48.333,отлично
6,7,58,26,30,57,30.667,отлично
59,37,67,89,68,78,66.333,отлично
89,53,70,77,62,62,68.833,отлично
64,81,11,23,96,61,56.0,хорошо
25,8,36,33,52,42,32.667,отлично
59,37,40,55,64,85,56.667,хорошо
52,39,19,17,81,80,48.0,отлично
9,58,39,29,55,53,40.5,отлично
92,59,38,93,5,53,56.667,хорошо
69,98,78,24,26,65,60.0,отлично
29,18,41,57,37,93,45.833,отлично
72,55,2,52,48,24,42.167,отлично
41,29,83,90,42,18,50.5,хорошо
62,69,46,11,83,64,55.833,хорошо
29,33,4,28,86,73,42.167,отлично
84,48,66,99,29,50,62.667,отлично
13,77,35,96,76,65,60.333,отлично
78,84,77,5,91,55,65.0,отлично
74,46,4,28,62,24,39.667,отлично
94,9,68,45,5,2,37.167,отлично
5,77,60,41,55,81,53.167,хорошо
11,21,26,11,97,66,38.667,отлично
78,33,93,71,57,84,69.333,отлично
41,79,55,91,31,11,51.333,хорошо
71,16,7,62,80,16,42.0,отлично
6,85,61,65,86,30,55.5,хорошо
80,66,36,9,87,72,58.333,хорошо
50,94,17,82,2,81,54.333,хорошо
27,93,9,57,41,57,47.333,отлично
39,12,45,3,52,34,30.833,отлично
91,36,89,73,75,77,73.5,отлично
42,39,56,74,98,26,55.833,хорошо
1,61,48,78,32,39,43.167,отлично
12,25,72,23,77,37,41.0,отлично
73,64,79,77,20,42,59.167,хорошо
45,37,7,17,0,33,23.167,удовлетворительно
16,48,5,98,50,74,48.5,отлично
22,51,84,60,37,53,51.167,хорошо
57,32,24,53,54,76,49.333,отлично
10,98,17,54,97,82,59.667,хорошо
6,60,12,30,6,46,26.667,удовлетворительно
97,14,55,52,87,83,64.667,отлично
67,37,5,19,92,54,45.667,отлично
68,43,20,7,67,69,45.667,отлично
96,61,70,99,54,15,65.833,отлично
26,74,70,91,6,11,46.333,отлично
78,80,51,14,35,65,53.833,хорошо
99,7,84,90,17,89,64.333,отлично
49,88,28,51,16,64,49.333,отлично
64,27,1,88,55,51,47.667,отлично
20,81,73,25,93,51,57.167,хорошо
79,46,69,94,34,48,61.667,отлично
66,47,80,9,97,85,64.0,отлично
79,32,88,83,72,89,73.833,отлично
76,89,22,71,86,3,57.833,хорошо
28,58,3,6,51,85,38.5,отлично
26,45,11,32,70,7,31.833,отлично
6,39,64,81,72,84,57.667,хорошо
34,96,5,74,64,98,61.833,отлично
46,88,92,14,68,63,61.833,отлично
19,4,47,81,29,7,31.167,отлично
70,54,89,30,10,72,54.167,хорошо
76,59,55,71,56,91,68.0,отлично
55,15,74,84,68,88,64.0,отлично
56,87,58,33,23,68,54.167,хорошо
66,69,57,32,71,37,55.333,хорошо
85,25,56,66,46,65,57.167,хорошо
48,94,8,94,61,35,56.667,хорошо
58,79,44,63,3,37,47.333,отлично
47,56,97,7,48,35,48.333,отлично
35,47,34,23,34,90,43.833,отлично
78,70,82,20,7,77,55.667,хорошо
5,40,67,30,51,16,34.833,отлично
43,6,84,40,52,97,53.667,хорошо
70,70,80,82,17,9,54.667,хорошо
63,11,46,86,24,12,40.333,отлично
45,1,1,60,35,33,29.167,удовлетворительно
70,42,66,90,98,70,72.667,отлично
53,5,51,13,78,97,49.5,отлично
22,2,47,79,34,80,44.0,отлично
11,87,12,23,71,76,46.667,отлично
13,48,10,44,61,27,33.833,отлично
6,50,19,62,8,58,33.833,отлично
9,84,22,50,13,51,38.167,отлично
10,35,13,88,57,4,34.5,отлично
81,51,46,87,84,86,72.5,отлично
42,10,14,35,35,6,23.667,удовлетворительно
87,23,68,80,26,65,58.167,хорошо
3,9,51,49,19,41,28.667,удовлетворительно
88,98,75,36,89,53,73.167,отлично
24,24,94,70,78,23,52.167,хорошо
9,57,23,33,21,47,31.667,отлично
23,43,85,33,59,53,49.333,отлично
3,25,64,11,8,3,19.0,удовлетворительно
35,61,93,89,22,97,66.167,отлично
44,15,29,93,96,53,55.0,хорошо
87,69,25,83,19,56,56.5,хорошо
69,2,82,82,5,31,45.167,отлично
56,80,47,7,4,33,37.833,отлично
93,84,82,45,85,86,79.167,отлично
24,53,87,49,85,60,59.667,хорошо
24,99,46,24,2,79,45.667,отлично
82,98,35,38,1,27,46.833,отлично
22,43,89,40,39,98,55.167,хорошо
74,75,9,99,16,31,50.667,хорошо
85,27,1,93,69,49,54.0,хорошо
94,73,57,46,2,2,45.667,отлично
40,63,63,18,96,12,48.667,отлично
3,56,37,20,67,94,46.167,отлично
40,52,12,81,84,11,46.667,отлично
60,56,97,12,24,52,50.167,хорошо
26,92,80,14,48,18,46.333,отлично
5,77,47,87,46,11,45.5,отлично
88,75,13,52,99,63,65.0,отлично
53,88,64,53,69,92,69.833,отлично
64,64,71,70,75,47,65.167,отлично
4,49,47,76,9,66,41.833,отлично
60,13,59,67,16,92,51.167,хорошо
28,53,78,1,49,85,49.0,отлично
68,27,65,45,87,20,52.0,хорошо
4,16,86,78,59,41,47.333,отлично
22,20,31,80,64,61,46.333,отлично
52,59,49,33,83,36,52.0,хорошо
8,66,23,23,50,88,43.0,отлично
71,56,91,86,38,8,58.333,хорошо
48,17,40,66,5,83,43.167,отлично
33,3,96,91,9,31,43.833,отлично
19,57,62,25,56,49,44.667,отлично
36,58,44,19,91,11,43.167,отлично
35,4,69,32,73,33,41.0,отлично
40,88,50,19,56,23,46.0,отлично
91,45,18,31,26,71,47.0,отлично
2,90,17,4,72,47,38.667,отлично
16,72,56,13,60,85,50.333,хорошо
16,41,99,51,51,57,52.5,хорошо
2,95,11,94,16,90,51.333,хорошо
18,4,6,4,8,73,18.833,удовлетворительно
19,65,14,12,35,11,26.0,удовлетворительно
86,22,17,89,31,61,51.0,хорошо
70,67,32,62,86,96,68.833,отлично
59,14,81,77,6,71,51.333,хорошо
21,2,56,14,58,11,27.0,удовлетворительно
71,15,6,67,89,14,43.667,отлично
46,15,69,34,28,5,32.833,отлично
26,73,97,30,36,42,50.667,хорошо
73,18,97,57,4,57,51.0,хорошо
26,86,66,86,95,71,71.667,отлично
6,98,37,88,29,85,57.167,хорошо
26,73,43,20,95,95,58.667,хорошо
83,85,54,70,90,26,68.0,отлично
33,71,70,24,61,60,53.167,хорошо
65,20,41,35,40,21,37.0,отлично
66,1,14,2,66,42,31.833,отлично
77,23,44,1,65,10,36.667,отлично
65,81,93,90,96,52,79.5,отлично
1,7,69,52,97,90,52.667,хорошо
4,50,33,54,28,35,34.0,отлично
9,95,9,42,77,55,47.833,отлично
55,92,1,53,46,21,44.667,отлично
91,59,67,88,38,61,67.333,отлично
21,4,15,75,92,80,47.833,отлично
27,22,12,66,11,92,38.333,отлично
14,57,75,92,36,49,53.833,хорошо
12,20,8,66,56,49,35.167,отлично
47,70,40,9,36,82,47.333,отлично
11,21,83,87,6,45,42.167,отлично
5,94,87,15,54,11,44.333,отлично
41,69,20,46,93,86,59.167,хорошо
70,69,47,53,65,8,52.0,хорошо
64,97,74,61,43,36,62.5,отлично
66,95,37,7,14,56,45.833,отлично
54,82,99,48,81,83,74.5,отлично
85,88,61,65,87,42,71.333,отлично
73,63,41,31,39,38,47.5,отлично
68,27,41,66,28,46,46.0,отлично
92,18,17,80,90,84,63.5,отлично
0,18,77,75,72,1,40.5,отлично
96,61,18,59,61,48,57.167,хорошо
54,88,5,31,59,79,52.667,хорошо
85,96,35,97,62,90,77.5,отлично
76,85,79,89,83,57,78.167,отлично
20,25,83,60,18,29,39.167,отлично
35,12,43,27,8,10,22.5,удовлетворительно
19,33,44,68,62,56,47.0,отлично
17,18,47,81,23,72,43.0,отлично
56,61,2,83,97,53,58.667,хорошо
64,63,14,49,90,68,58.0,хорошо
79,28,95,66,14,43,54.167,хорошо
87,33,2,86,77,19,50.667,хорошо
63,78,12,72,83,78,64.333,отлично
63,77,44,84,1,7,46.0,отлично
61,42,16,44,74,42,46.5,отлично
31,24,7,47,94,23,37.667,отлично
23,1,53,3,26,71,29.5,удовлетворительно
32,24,90,39,49,78,52.0,хорошо
50,73,61,47,96,34,60.167,отлично
89,88,49,82,63,11,63.667,отлично
21,14,14,62,12,84,34.5,отлично
17,40,33,87,42,31,41.667,отлично
1,26,98,91,36,25,46.167,отлично
74,72,76,7,54,43,54.333,хорошо
24,92,56,26,60,66,54.0,хорошо
30,61,31,55,36,47,43.333,отлично
47,75,88,47,31,7,49.167,отлично
88,59,10,55,52,44,51.333,хорошо
84,97,36,29,72,25,57.167,хорошо
76,2,67,17,1,69,38.667,отлично
93,30,67,19,6,37,42.0,отлично
30,95,56,83,80,65,68.167,отлично
99,0,4,88,4,42,39.5,отлично
69,91,19,70,95,29,62.167,отлично
63,57,37,48,98,88,65.167,отлично
83,20,70,26,47,21,44.5,отлично
3,82,30,1,42,50,34.667,отлично
33,6,26,18,40,27,25.0,удовлетворительно
57,17,92,86,38,16,51.0,хорошо
38,60,5,99,39,40,46.833,отлично
1,8,27,52,79,33,33.333,отлично
5,49,91,30,93,55,53.833,хорошо
23,18,13,5,79,30,28.0,удовлетворительно
70,92,20,39,72,37,55.0,хорошо
46,58,56,42,48,87,56.167,хорошо
18,56,28,76,33,85,49.333,отлично
50,37,40,50,64,11,42.0,отлично
30,62,81,8,8,71,43.333,отлично
18,96,73,48,56,17,51.333,хорошо
95,62,89,51,50,27,62.333,отлично
15,16,71,76,59,97,55.667,хорошо
12,83,77,40,94,98,67.333,отлично
88,73,50,77,96,31,69.167,отлично
5,90,74,78,4,18,44.833,отлично
19,75,78,66,5,67,51.667,хорошо
66,84,44,38,83,67,63.667,отлично
14,78,19,19,53,34,36.167,отлично
34,97,62,76,7,1,46.167,отлично
12,12,71,76,46,20,39.5,отлично
49,66,28,52,6,35,39.333,отлично
57,88,48,36,65,24,53.0,хорошо
48,2,17,92,37,21,36.167,отлично
63,46,61,63,36,13,47.0,отлично
1,60,11,34,43,0,24.833,удовлетворительно
0,73,32,32,54,8,33.167,отлично
64,52,87,40,31,45,53.167,хорошо
40,1,43,61,81,20,41.0,отлично
68,16,99,89,87,74,72.167,отлично
17,72,5,49,50,31,37.333,отлично
66,85,67,55,67,2,57.0,хорошо
69,62,68,66,73,96,72.333,отлично
73,49,25,38,87,45,52.833,хорошо
94,79,13,32,9,80,51.167,хорошо
8,37,64,98,27,68,50.333,хорошо
16,87,40,85,36,23,47.833,отлично
32,16,72,80,22,54,46.0,отлично
12,1,49,96,68,92,53.0,хорошо
70,96,12,9,97,91,62.5,отлично
79,75,1,29,17,39,40.0,отлично
91,19,37,79,44,28,49.667,отлично
45,28,59,43,99,18,48.667,отлично
68,51,52,48,42,29,48.333,отлично
63,67,48,84,32,47,56.833,хорошо
74,75,35,21,56,57,53.0,хорошо
9,98,72,15,81,94,61.5,отлично
82,97,97,95,22,95,81.333,отлично
11,64,68,40,25,67,45.833,отлично
99,86,71,38,36,24,59.0,хорошо
65,88,55,63,45,7,53.833,хорошо
42,32,83,92,21,75,57.5,хорошо
38,4,82,82,9,12,37.833,отлично
48,51,35,99,33,0,44.333,отлично
23,89,43,52,25,99,55.167,хорошо
63,17,80,43,64,91,59.667,хорошо
66,9,19,11,35,20,26.667,удовлетворительно
4,36,8,85,99,70,50.333,хорошо
2,67,92,82,99,34,62.667,отлично
72,96,83,44,27,66,64.667,отлично
89,7,82,55,29,45,51.167,хорошо
1,29,59,79,99,37,50.667,хорошо
50,68,72,8,82,96,62.667,отлично
17,0,32,86,85,24,40.667,отлично
25,97,7,80,17,64,48.333,отлично
90,44,13,67,15,62,48.5,отлично
2,66,1,16,86,86,42.833,отлично
46,56,43,22,42,66,45.833,отлично
65,55,86,50,73,32,60.167,отлично
14,54,15,80,35,15,35.5,отлично
83,28,33,58,77,42,53.5,хорошо
31,0,47,42,92,58,45.0,отлично
17,71,55,38,36,2,36.5,отлично
5,87,98,40,4,77,51.833,хорошо
40,55,5,69,46,4,36.5,отлично
80,95,83,80,62,42,73.667,отлично
65,3,28,1,91,29,36.167,отлично
53,18,60,93,72,83,63.167,отлично
63,71,53,68,76,54,64.167,отлично
80,5,37,52,98,45,52.833,хорошо
2,92,87,7,65,8,43.5,отлично
89,98,21,68,39,2,52.833,хорошо
79,92,67,25,57,15,55.833,хорошо
89,65,21,58,8,11,42.0,отлично
37,46,76,84,0,49,48.667,отлично
42,22,21,31,45,6,27.833,удовлетворительно
17,29,61,44,34,10,32.5,отлично
12,62,0,18,78,54,37.333,отлично
0,67,34,56,64,65,47.667,отлично
6,91,8,37,81,32,42.5,отлично
8,72,86,17,25,62,45.0,отлично
80,35,96,71,25,6,52.167,хорошо
51,60,11,19,36,70,41.167,отлично
38,42,57,44,63,42,47.667,отлично
75,28,3,70,23,59,43.0,отлично
23,77,46,67,74,31,53.0,хорошо
6,32,16,43,34,66,32.833,отлично
48,92,15,55,8,19,39.5,отлично
54,73,62,93,76,47,67.5,отлично
28,31,90,0,81,51,46.833,отлично
20,72,87,23,13,51,44.333,отлично
91,40,15,66,37,79,54.667,хорошо
5,53,46,64,90,18,46.0,отлично
90,67,95,61,0,23,56.0,хорошо
11,0,54,83,64,3,35.833,отлично
28,27,84,30,62,10,40.167,отлично
81,68,80,47,51,37,60.667,отлично
17,87,59,96,92,98,74.833,отлично
20,11,29,14,1,51,21.0,удовлетворительно
52,40,84,87,42,39,57.333,хорошо
7,61,82,18,71,80,53.167,хорошо
63,22,52,35,28,17,36.167,отлично
20,17,11,12,20,70,25.0,удовлетворительно
90,8,31,39,75,87,55.0,хорошо
52,50,27,59,20,3,35.167,отлично
83,96,78,8,50,59,62.333,отлично
11,21,46,67,15,79,39.833,отлично
80,60,97,92,5,50,64.0,отлично
94,5,45,52,51,79,54.333,хорошо
42,27,64,62,76,80,58.5,хорошо
9,68,6,40,73,68,44.0,отлично
39,58,4,21,64,42,38.0,отлично
54,12,26,8,79,33,35.333,отлично
44,3,63,95,19,46,45.0,отлично
39,55,98,19,99,69,63.167,отлично
48,79,22,32,7,47,39.167,отлично
90,11,66,18,22,50,42.833,отлично
5,19,49,95,65,4,39.5,отлично
93,99,82,45,29,18,61.0,отлично
11,99,2,39,44,21,36.0,отлично
44,99,87,52,46,20,58.0,хорошо
36,30,57,13,14,53,33.833,отлично
43,97,60,14,54,50,53.0,хорошо
68,68,2,35,32,87,48.667,отлично
60,71,54,53,44,70,58.667,хорошо
87,62,42,25,40,13,44.833,отлично
88,5,98,29,99,88,67.833,отлично
88,12,36,79,2,79,49.333,отлично
21,77,76,97,74,46,65.167,отлично
89,92,83,88,40,73,77.5,отлично
22,29,59,88,11,97,51.0,хорошо
32,35,47,15,0,27,26.0,удовлетворительно
42,75,43,72,9,8,41.5,отлично
22,80,58,8,12,4,30.667,отлично
54,14,6,50,0,37,26.833,удовлетворительно
6,22,31,83,0,26,28.0,удовлетворительно
16,81,31,72,16,17,38.833,отлично
41,40,95,39,36,14,44.167,отлично
68,13,59,68,55,25,48.0,отлично
45,62,81,40,80,8,52.667,хорошо
4,54,63,80,2,59,43.667,отлично
23,8,59,21,90,48,41.5,отлично
59,13,22,13,36,58,33.5,отлично
1,94,12,48,48,58,43.5,отлично
70,71,24,3,17,35,36.667,отлично
30,76,17,7,98,33,43.5,отлично
11,4,61,50,68,69,43.833,отлично
21,82,50,27,72,41,48.833,отлично
5,54,63,29,59,84,49.0,отлично
65,41,52,90,19,78,57.5,хорошо
24,76,56,20,29,83,48.0,отлично
2,28,10,35,55,85,35.833,отлично
51,65,30,69,49,13,46.167,отлично
85,66,29,25,84,0,48.167,отлично
41,1,72,1,30,60,34.167,отлично
46,60,8,60,26,3,33.833,отлично
51,15,27,74,78,0,40.833,отлично
92,1,82,46,97,17,55.833,хорошо
98,14,58,13,82,24,48.167,отлично
10,18,8,3,3,66,18.0,удовлетворительно
9,41,81,24,96,22,45.5,отлично
74,0,85,23,6,74,43.667,отлично
69,43,72,17,52,65,53.0,хорошо
80,96,61,73,49,23,63.667,отлично
71,41,72,16,94,54,58.0,хорошо
38,60,84,15,25,28,41.667,отлично
28,75,24,67,86,36,52.667,хорошо
34,75,24,46,90,85,59.0,хорошо
63,57,54,4,17,75,45.0,отлично
61,23,92,73,89,90,71.333,отлично
95,36,47,92,8,87,60.833,отлично
79,26,81,47,99,24,59.333,хорошо
10,2,42,42,90,94,46.667,отлично
87,42,27,67,0,21,40.667,отлично
53,87,57,7,91,64,59.833,хорошо
87,80,52,18,93,28,59.667,хорошо
31,87,60,66,27,38,51.5,хорошо
72,24,77,89,58,80,66.667,отлично
21,10,88,76,68,70,55.5,хорошо
85,78,85,93,6,66,68.833,отлично
17,13,6,17,94,51,33.0,отлично
66,16,61,84,32,31,48.333,отлично
74,85,48,40,23,63,55.5,хорошо
64,97,23,15,82,7,48.0,отлично
55,1,34,94,45,39,44.667,отлично
83,54,30,40,28,2,39.5,отлично
50,71,6,91,57,76,58.5,хорошо
10,56,47,75,83,57,54.667,хорошо
7,83,52,53,80,65,56.667,хорошо
13,13,57,38,23,37,30.167,отлично
42,42,82,81,66,35,58.0,хорошо
17,59,55,72,95,27,54.167,хорошо
9,53,33,9,17,95,36.0,отлично
15,11,33,30,94,37,36.667,отлично
29,62,57,91,64,58,60.167,отлично
27,76,19,74,57,2,42.5,отлично
55,65,86,10,34,20,45.0,отлично
18,12,0,16,96,68,35.0,отлично
73,31,3,16,77,67,44.5,отлично
70,81,72,40,91,52,67.667,отлично
79,66,77,35,42,4,50.5,хорошо
92,95,92,77,70,95,86.833,отлично
10,45,81,19,76,77,51.333,хорошо
87,87,55,77,5,49,60.0,отлично
43,69,70,43,44,68,56.167,хорошо
5,45,48,73,92,22,47.5,отлично
80,74,76,39,49,66,64.0,отлично
96,7,79,12,96,21,51.833,хорошо
55,82,72,52,46,45,58.667,хорошо
66,71,17,53,3,80,48.333,отлично
1,21,4,71,98,83,46.333,отлично
55,27,55,82,58,59,56.0,хорошо
9,67,7,8,6,95,32.0,отлично
62,92,36,31,67,54,57.0,хорошо
59,51,78,68,95,0,58.5,хорошо
80,63,72,98,32,80,70.833,отлично
0,98,53,44,39,36,45.0,отлично
22,58,0,48,40,38,34.333,отлично
25,14,43,6,37,49,29.0,удовлетворительно
55,5,17,99,26,46,41.333,отлично
96,50,1,41,50,16,42.333,отлично
86,94,14,44,65,91,65.667,отлично
36,43,38,56,18,42,38.833,отлично
21,91,2,71,13,17,35.833,отлично
47,87,14,3,42,35,38.0,отлично
33,42,8,39,61,23,34.333,отлично
32,7,40,83,81,5,41.333,отлично
47,14,34,26,60,27,34.667,отлично
86,18,86,26,94,35,57.5,хорошо
47,34,85,44,71,30,51.833,хорошо
56,98,42,54,0,28,46.333,отлично
65,52,55,5,20,86,47.167,отлично
54,3,49,48,80,10,40.667,отлично
50,16,1,69,78,73,47.833,отлично
51,67,31,97,84,65,65.833,отлично
35,29,18,49,47,73,41.833,отлично
84,42,89,10,15,44,47.333,отлично
74,84,97,1,92,8,59.333,хорошо
19,86,27,18,88,69,51.167,хорошо
67,55,44,23,9,96,49.0,отлично
81,82,75,32,74,7,58.5,хорошо
43,53,67,4,24,34,37.5,отлично
28,75,83,90,37,50,60.5,отлично
60,99,11,4,78,39,48.5,отлично
95,63,2,71,96,81,68.0,отлично
32,97,65,54,29,64,56.833,хорошо
75,86,61,39,69,48,63.0,отлично
77,21,17,75,31,71,48.667,отлично
59,89,45,8,74,88,60.5,отлично
14,69,39,11,83,89,50.833,хорошо
60,20,90,61,38,35,50.667,хорошо
22,10,33,57,59,95,46.0,отлично
31,8,11,11,72,48,30.167,отлично
89,32,1,53,21,13,34.833,отлично
93,4,14,99,47,49,51.0,хорошо
76,83,68,72,93,21,68.833,отлично
34,74,40,25,71,27,45.167,отлично
61,47,3,13,56,69,41.5,отлично
54,77,61,43,75,98,68.0,отлично
16,86,7,79,91,39,53.0,хорошо
57,82,29,89,7,19,47.167,отлично
37,79,43,42,34,27,43.667,отлично
7,24,21,0,28,50,21.667,удовлетворительно
12,56,89,41,2,9,34.833,отлично
65,71,35,70,50,68,59.833,хорошо
82,26,38,7,5,81,39.833,отлично
86,24,96,39,65,2,52.0,хорошо
10,4,17,33,43,10,19.5,удовлетворительно
24,41,50,17,12,10,25.667,удовлетворительно
3,17,30,99,14,74,39.5,отлично
96,9,3,3,98,79,48.0,отлично
17,16,54,83,55,96,53.5,хорошо
5,96,50,26,50,67,49.0,отлично
40,71,73,88,42,22,56.0,хорошо
89,21,41,42,3,41,39.5,отлично
17,91,82,65,17,98,61.667,отлично
11,23,33,24,99,15,34.167,отлично
40,23,98,47,34,45,47.833,отлично
50,35,88,6,28,73,46.667,отлично
17,51,49,93,7,12,38.167,отлично
38,20,24,32,80,69,43.833,отлично
1,15,50,58,22,46,32.0,отлично
27,4,35,45,74,79,44.0,отлично
73,6,97,93,27,23,53.167,хорошо
70,97,81,72,31,75,71.0,отлично
75,56,34,1,44,73,47.167,отлично
43,95,66,60,60,31,59.167,хорошо
20,32,71,22,47,72,44.0,отлично
80,17,82,99,93,50,70.167,отлично
10,20,36,11,4,42,20.5,удовлетворительно
84,70,33,38,94,12,55.167,хорошо
34,10,30,96,71,63,50.667,хорошо
74,11,68,82,10,56,50.167,хорошо
84,53,58,25,38,49,51.167,хорошо
30,22,91,95,54,23,52.5,хорошо
32,36,26,10,10,52,27.667,удовлетворительно
46,41,18,21,63,92,46.833,отлично
21,58,92,8,60,22,43.5,отлично
84,0,37,65,58,16,43.333,отлично
94,74,57,83,67,40,69.167,отлично
19,15,75,91,47,80,54.5,хорошо
15,36,14,36,0,28,21.5,удовлетворительно
60,94,82,69,80,27,68.667,отлично
12,39,22,41,40,41,32.5,отлично
33,10,57,4,28,74,34.333,отлично
12,40,24,60,43,51,38.333,отлично
12,79,49,73,28,59,50.0,хорошо
6,64,2,28,98,82,46.667,отлично
38,41,14,87,70,58,51.333,хорошо
52,1,14,34,24,78,33.833,отлично
50,74,0,86,19,97,54.333,хорошо
36,97,87,20,97,46,63.833,отлично
11,72,30,52,58,36,43.167,отлично
27,55,29,10,11,87,36.5,отлично
59,4,6,72,31,81,42.167,отлично
37,69,56,42,29,88,53.5,хорошо
45,69,71,27,6,43,43.5,отлично
89,4,8,71,23,89,47.333,отлично
36,51,77,32,33,50,46.5,отлично
28,40,94,71,35,32,50.0,хорошо
28,40,28,31,15,90,38.667,отлично
18,6,3,16,66,2,18.5,удовлетворительно
40,63,48,67,23,39,46.667,отлично
54,90,47,16,20,60,47.833,отлично
3,67,17,94,47,11,39.833,отлично
94,9,98,69,93,60,70.5,отлично
63,43,11,92,36,41,47.667,отлично
62,91,72,83,15,44,61.167,отлично
36,72,41,67,30,96,57.0,хорошо
35,23,47,53,70,81,51.5,хорошо
80,60,65,56,99,93,75.5,отлично
97,74,66,64,12,75,64.667,отлично
94,88,4,59,5,69,53.167,хорошо
35,50,40,87,63,95,61.667,отлично
26,48,54,31,38,91,48.0,отлично
35,53,43,1,48,24,34.0,отлично
46,97,97,38,6,48,55.333,хорошо
34,52,37,85,41,26,45.833,отлично
53,8,72,54,55,67,51.5,хорошо
37,17,48,62,27,76,44.5,отлично
40,37,42,8,65,53,40.833,отлично
56,99,64,96,63,88,77.667,отлично
5,35,25,39,80,51,39.167,отлично
60,59,82,2,96,48,57.833,хорошо
55,86,57,96,95,76,77.5,отлично
54,82,49,66,84,28,60.5,отлично
35,13,81,58,66,37,48.333,отлично
32,24,24,71,84,24,43.167,отлично
30,58,99,14,34,6,40.167,отлично
50,2,5,43,41,71,35.333,отлично
5,87,14,96,37,52,48.5,отлично
57,50,70,3,55,16,41.833,отлично
63,89,33,98,74,92,74.833,отлично
36,57,37,87,13,34,44.0,отлично
6,51,61,75,2,41,39.333,отлично
6,3,43,40,96,75,43.833,отлично
2,71,65,22,93,2,42.5,отлично
10,7,78,2,27,63,31.167,отлично
84,79,89,74,33,8,61.167,отлично
14,88,5,73,16,2,33.0,отлично
57,72,68,6,87,10,50.0,хорошо
59,55,58,73,75,89,68.167,отлично
53,27,16,38,10,39,30.5,отлично
93,80,35,82,92,46,71.333,отлично
58,73,99,18,25,94,61.167,отлично
91,27,91,77,5,72,60.5,отлично
41,46,9,94,57,45,48.667,отлично
91,17,90,61,25,64,58.0,хорошо
23,52,3,11,81,2,28.667,удовлетворительно
77,2,79,52,56,48,52.333,хорошо
39,72,64,55,23,72,54.167,хорошо
15,87,98,29,1,80,51.667,хорошо
17,88,75,39,4,65,48.0,отлично
5,28,88,43,51,58,45.5,отлично
68,46,0,93,54,94,59.167,хорошо
74,51,46,38,2,94,50.833,хорошо
67,50,78,14,25,88,53.667,хорошо
80,98,49,21,93,30,61.833,отлично
44,4,85,41,59,3,39.333,отлично
44,89,20,4,1,42,33.333,отлично
3,46,72,87,8,63,46.5,отлично
87,90,0,20,65,17,46.5,отлично
5,71,26,35,72,57,44.333,отлично
74,49,44,27,80,62,56.0,хорошо
7,33,59,42,16,67,37.333,отлично
2,46,26,23,33,5,22.5,удовлетворительно
66,82,32,31,62,20,48.833,отлично
16,92,77,11,64,84,57.333,хорошо
22,23,87,21,89,12,42.333,отлично
14,7,89,60,81,39,48.333,отлично
36,67,25,44,39,85,49.333,отлично
44,50,12,73,95,45,53.167,хорошо
16,60,78,26,11,8,33.167,отлично
15,70,32,66,0,76,43.167,отлично
38,14,18,37,48,12,27.833,удовлетворительно
98,96,97,23,70,28,68.667,отлично
55,9,26,23,92,56,43.5,отлично
88,74,59,34,87,4,57.667,хорошо
56,42,92,97,49,38,62.333,отлично
57,9,98,7,60,62,48.833,отлично
11,45,25,10,27,46,27.333,удовлетворительно
92,1,29,27,97,74,53.333,хорошо
31,1,8,52,73,96,43.5,отлично
9,35,55,15,77,85,46.0,отлично
32,67,89,86,52,20,57.667,хорошо
2,20,13,8,88,6,22.833,удовлетворительно
61,12,28,45,30,90,44.333,отлично
30,70,56,48,19,80,50.5,хорошо
55,74,23,48,62,60,53.667,хорошо
44,14,72,4,99,22,42.5,отлично
87,51,99,19,57,83,66.0,отлично
64,75,44,23,60,41,51.167,хорошо
42,71,33,85,51,16,49.667,отлично
70,11,79,58,56,98,62.0,отлично
6,38,11,91,28,80,42.333,отлично
87,67,41,11,93,95,65.667,отлично
54,89,12,65,21,62,50.5,хорошо
56,62,66,50,45,69,58.0,хорошо
3,41,81,20,6,35,31.0,отлично
33,10,57,44,31,25,33.333,отлично
45,53,48,47,35,60,48.0,отлично
3,18,87,28,6,41,30.5,отлично
55,50,66,69,31,19,48.333,отлично
64,82,54,83,72,2,59.5,хорошо
28,81,70,66,7,76,54.667,хорошо
56,44,73,66,88,85,68.667,отлично
42,12,69,97,72,36,54.667,хорошо
0,55,90,70,9,49,45.5,отлично
37,64,50,35,58,8,42.0,отлично
23,83,29,95,31,79,56.667,хорошо
78,37,12,83,30,71,51.833,хорошо
22,82,21,42,92,96,59.167,хорошо
6,52,4,25,39,32,26.333,удовлетворительно
46,3,56,47,24,53,38.167,отлично
24,51,70,33,5,52,39.167,отлично
6,53,18,58,63,70,44.667,отлично
69,14,20,19,11,98,38.5,отлично
64,27,59,77,76,17,53.333,хорошо
95,63,24,96,0,61,56.5,хорошо
26,97,46,81,30,66,57.667,хорошо
73,43,64,30,93,25,54.667,хорошо
90,12,32,5,5,97,40.167,отлично
39,95,74,6,21,20,42.5,отлично
8,61,9,81,94,78,55.167,хорошо
71,56,40,29,16,93,50.833,хорошо
75,99,63,92,6,31,61.0,отлично
15,76,16,97,45,44,48.833,отлично
56,1,82,97,65,42,57.167,хорошо
49,92,69,80,78,38,67.667,отлично
11,73,31,93,19,25,42.0,отлично
61,5,51,99,63,7,47.667,отлично
23,83,25,66,52,49,49.667,отлично
20,37,76,1,17,13,27.333,удовлетворительно
60,81,4,91,49,11,49.333,отлично
2,84,27,75,22,78,48.0,отлично
75,30,42,18,63,96,54.0,хорошо
93,90,38,75,97,0,65.5,отлично
82,32,8,60,10,34,37.667,отлично
49,27,98,25,21,21,40.167,отлично
42,74,4,80,15,85,50.0,хорошо
80,23,78,17,82,71,58.5,хорошо
7,67,76,64,55,92,60.167,отлично
97,69,92,30,9,83,63.333,отлично
96,41,10,86,12,22,44.5,отлично
78,96,8,72,25,39,53.0,хорошо
61,45,8,73,87,49,53.833,хорошо
19,59,15,7,39,65,34.0,отлично
16,5,62,30,5,37,25.833,удовлетворительно
65,33,49,31,61,3,40.333,отлично
73,33,24,80,9,38,42.833,отлично
15,77,68,4,17,79,43.333,отлично
54,74,52,86,27,60,58.833,хорошо
85,17,51,46,77,45,53.5,хорошо
93,82,16,92,79,54,69.333,отлично
32,63,83,47,89,74,64.667,отлично
47,36,4,91,15,77,45.0,отлично
0,94,42,67,21,1,37.5,отлично
80,95,12,13,32,58,48.333,отлично
22,88,12,52,8,68,41.667,отлично
52,3,20,37,70,47,38.167,отлично
40,91,10,50,40,38,44.833,отлично
82,63,12,90,81,55,63.833,отлично
47,36,8,6,53,92,40.333,отлично
79,27,70,22,27,96,53.5,хорошо
26,7,21,9,63,28,25.667,удовлетворительно
51,18,14,48,11,96,39.667,отлично
21,94,34,3,98,36,47.667,отлично
23,81,7,53,23,30,36.167,отлично
75,43,22,29,11,26,34.333,отлично
13,72,13,34,54,67,42.167,отлично
49,5,22,75,63,24,39.667,отлично
71,85,17,58,72,40,57.167,хорошо
34,79,55,79,18,26,48.5,отлично
91,14,78,4,53,64,50.667,хорошо
25,6,57,68,74,17,41.167,отлично
10,33,81,57,38,83,50.333,хорошо
59,96,27,43,77,1,50.5,хорошо
74,32,72,37,85,61,60.167,отлично
77,51,70,82,95,2,62.833,отлично
97,94,80,15,69,51,67.667,отлично
5,17,69,43,43,93,45.0,отлично
49,39,17,13,93,89,50.0,хорошо
15,13,32,8,81,25,29.0,удовлетворительно
71,11,55,81,74,64,59.333,хорошо
48,80,80,19,59,16,50.333,хорошо
33,99,67,38,39,57,55.5,хорошо
4,84,43,56,63,65,52.5,хорошо
79,37,19,12,67,55,44.833,отлично
1,79,3,2,0,51,22.667,удовлетворительно
87,19,21,46,20,22,35.833,отлично
76,42,93,77,61,32,63.5,отлично
89,44,2,58,76,48,52.833,хорошо
14,9,14,53,57,90,39.5,отлично
91,33,11,44,69,90,56.333,хорошо
90,74,66,23,91,89,72.167,отлично
48,26,85,42,25,96,53.667,хорошо
91,66,51,70,25,23,54.333,хорошо
51,58,51,79,62,17,53.0,хорошо
4,76,6,88,18,0,32.0,отлично
99,62,53,25,68,79,64.333,отлично
5,27,66,81,9,69,42.833,отлично
65,16,30,93,44,46,49.0,отлично
61,10,0,71,38,1,30.167,отлично
36,35,1,30,75,97,45.667,отлично
19,52,66,26,1,65,38.167,отлично
4,7,63,67,7,19,27.833,удовлетворительно
99,55,18,77,69,80,66.333,отлично
41,32,15,58,32,62,40.0,отлично
67,3,80,40,30,79,49.833,отлично
47,68,54,72,21,9,45.167,отлично
60,91,31,23,96,56,59.5,хорошо
19,81,58,87,34,79,59.667,хорошо
1,78,27,84,40,65,49.167,отлично
47,6,6,96,18,24,32.833,отлично
83,28,64,32,9,88,50.667,хорошо
20,81,50,58,83,84,62.667,отлично
46,56,54,60,24,91,55.167,хорошо
3,22,57,34,11,47,29.0,удовлетворительно
51,89,31,67,20,25,47.167,отлично
68,54,8,52,20,20,37.0,отлично
25,78,31,61,44,28,44.5,отлично
86,27,59,88,96,95,75.167,отлично
36,47,50,94,82,17,54.333,хорошо
80,94,44,9,65,10,50.333,хорошо
29,54,6,4,0,19,18.667,удовлетворительно
14,41,10,21,0,55,23.5,удовлетворительно
67,90,7,79,30,44,52.833,хорошо
35,9,31,39,52,48,35.667,отлично
63,15,46,52,6,21,33.833,отлично
86,17,34,59,95,22,52.167,хорошо
44,1,80,64,44,21,42.333,отлично
61,19,46,22,43,37,38.0,отлично
62,9,41,10,58,95,45.833,отлично
73,60,63,65,4,22,47.833,отлично
22,60,72,19,93,4,45.0,отлично
31,64,47,1,33,21,32.833,отлично
53,8,76,58,75,29,49.833,отлично
23,62,86,13,19,71,45.667,отлично
75,91,66,39,55,53,63.167,отлично
90,54,2,18,52,36,42.0,отлично
7,0,33,31,9,20,16.667,удовлетворительно
78,35,34,40,65,6,43.0,отлично
33,55,88,62,25,16,46.5,отлично
77,91,22,19,24,58,48.5,отлично
94,12,44,18,22,92,47.0,отлично
27,3,56,34,74,51,40.833,отлично
8,68,10,98,87,16,47.833,отлично
48,55,82,78,10,76,58.167,хорошо
14,22,51,35,71,76,44.833,отлично
15,13,9,61,92,93,47.167,отлично
55,4,18,60,97,52,47.667,отлично
1,57,11,19,98,53,39.833,отлично
61,41,0,97,69,77,57.5,хорошо
62,93,14,19,59,11,43.0,отлично
31,58,54,88,24,49,50.667,хорошо
40,12,15,15,40,59,30.167,отлично
37,36,87,94,8,41,50.5,хорошо
99,57,62,89,72,31,68.333,отлично
80,39,36,16,67,97,55.833,хорошо
58,29,78,77,38,86,61.0,отлично
63,37,16,28,25,7,29.333,удовлетворительно
91,19,13,48,49,67,47.833,отлично
1,77,34,63,24,92,48.5,отлично
48,23,63,8,32,7,30.167,отлично
73,59,4,61,20,92,51.5,хорошо
55,5,66,73,29,33,43.5,отлично
87,7,38,95,9,2,39.667,отлично
43,71,37,18,26,4,33.167,отлично
70,59,42,74,37,77,59.833,хорошо
46,27,92,26,54,71,52.667,хорошо
7,11,94,85,7,26,38.333,отлично
14,69,18,83,2,72,43.0,отлично
13,31,66,48,47,45,41.667,отлично
72,17,67,78,13,55,50.333,хорошо
63,83,37,33,35,55,51.0,хорошо
54,82,66,39,3,87,55.167,хорошо
64,22,75,89,70,62,63.667,отлично
4,65,47,96,39,28,46.5,отлично
33,42,89,46,23,48,46.833,отлично
4,79,73,84,4,38,47.0,отлично
4,1,46,92,41,32,36.0,отлично
16,28,35,0,54,59,32.0,отлично
42,16,5,40,6,40,24.833,удовлетворительно
46,81,38,55,59,32,51.833,хорошо
90,46,5,49,76,36,50.333,хорошо
14,40,75,16,25,30,33.333,отлично
90,17,73,45,71,5,50.167,хорошо
91,44,10,41,74,80,56.667,хорошо
12,40,73,10,41,67,40.5,отлично
76,60,98,99,94,95,87.0,отлично
15,98,38,7,40,75,45.5,отлично
37,18,39,59,1,43,32.833,отлично
67,57,33,28,84,1,45.0,отлично
19,68,43,8,66,89,48.833,отлично
11,87,54,63,98,79,65.333,отлично
28,31,57,43,97,43,49.833,отлично
95,45,50,72,84,20,61.0,отлично
71,31,46,76,26,38,48.0,отлично
73,48,8,80,77,28,52.333,хорошо
9,31,52,97,86,42,52.833,хорошо
15,91,43,68,53,6,46.0,отлично
26,95,34,34,51,35,45.833,отлично
79,41,94,24,86,84,68.0,отлично
96,90,70,62,9,64,65.167,отлично
73,86,34,7,97,74,61.833,отлично
21,80,70,60,2,46,46.5,отлично
64,86,1,38,89,69,57.833,хорошо
6,23,60,99,58,48,49.0,отлично
71,81,29,27,32,56,49.333,отлично
20,56,0,4,68,15,27.167,удовлетворительно
96,91,33,78,27,67,65.333,отлично
8,87,69,4,51,10,38.167,отлично
88,85,35,42,94,48,65.333,отлично
54,48,49,77,68,24,53.333,хорошо
77,18,81,36,97,23,55.333,хорошо
99,52,95,13,92,34,64.167,отлично
92,61,81,10,71,10,54.167,хорошо
94,27,62,66,58,26,55.5,хорошо
64,7,45,7,40,41,34.0,отлично
31,19,32,98,48,30,43.0,отлично
61,10,23,18,12,56,30.0,отлично
12,37,63,69,9,35,37.5,отлично
14,63,38,14,38,36,33.833,отлично
36,66,79,77,3,28,48.167,отлично
96,68,74,61,36,22,59.5,хорошо
35,57,81,49,0,0,37.0,отлично
53,67,14,37,65,74,51.667,хорошо
45,39,94,11,9,72,45.0,отлично
45,83,27,65,2,17,39.833,отлично
48,55,94,97,10,23,54.5,хорошо
25,0,64,57,43,0,31.5,отлично
60,28,92,4,44,56,47.333,отлично
22,40,28,47,36,7,30.0,отлично
32,98,81,4,65,4,47.333,отлично
50,40,3,12,90,14,34.833,отлично
26,32,52,43,7,63,37.167,отлично
65,18,63,16,69,56,47.833,отлично
34,73,52,65,25,18,44.5,отлично
64,52,24,51,3,37,38.5,отлично
12,20,48,67,9,45,33.5,отлично
11,35,10,72,15,91,39.0,отлично
57,88,48,42,29,90,59.0,хорошо
29,64,82,30,18,44,44.5,отлично
54,4,33,54,7,66,36.333,отлично
44,21,18,77,29,72,43.5,отлично
52,57,37,50,49,45,48.333,отлично
30,33,34,27,22,80,37.667,отлично
44,35,40,22,91,72,50.667,хорошо
30,65,74,78,93,49,64.833,отлично
24,42,84,69,13,26,43.0,отлично
41,64,58,30,0,63,42.667,отлично
21,7,32,99,85,65,51.5,хорошо
97,61,87,13,68,31,59.5,хорошо
98,98,97,7,87,91,79.667,отлично
79,84,37,96,44,3,57.167,хорошо
12,46,12,53,88,60,45.167,отлично
51,86,25,6,75,15,43.0,отлично
58,35,59,95,1,77,54.167,хорошо
16,95,92,67,85,12,61.167,отлично
18,61,70,50,53,98,58.333,хорошо
92,81,33,90,1,54,58.5,хорошо
18,13,46,21,89,26,35.5,отлично
0,9,25,68,64,92,43.0,отлично
66,75,70,30,6,19,44.333,отлично
16,66,17,92,66,14,45.167,отлично
88,6,45,43,42,15,39.833,отлично
41,80,47,32,48,75,53.833,хорошо
93,91,78,18,45,12,56.167,хорошо
68,29,83,15,94,7,49.333,отлично
92,30,99,1,17,10,41.5,отлично
85,63,23,77,94,14,59.333,хорошо
33,85,96,54,35,84,64.5,отлично
83,14,85,58,66,68,62.333,отлично
40,23,26,85,47,82,50.5,хорошо
82,60,32,21,15,39,41.5,отлично
26,91,26,16,84,14,42.833,отлично
76,26,63,98,19,82,60.667,отлично
36,45,3,2,35,10,21.833,удовлетворительно
73,86,45,32,18,54,51.333,хорошо
91,37,26,94,6,36,48.333,отлично
77,42,9,70,54,7,43.167,отлично
26,33,26,12,58,30,30.833,отлично
40,70,60,73,54,42,56.5,хорошо
21,14,52,52,34,32,34.167,отлично
55,80,37,83,29,77,60.167,отлично
46,87,17,78,0,8,39.333,отлично
65,47,66,95,3,4,46.667,отлично
7,89,72,27,12,98,50.833,хорошо
62,93,44,70,92,55,69.333,отлично
68,38,44,87,64,32,55.5,хорошо
52,86,17,68,98,46,61.167,отлично
67,33,37,13,85,85,53.333,хорошо
55,56,26,65,61,55,53.0,хорошо
16,57,32,80,41,85,51.833,хорошо
97,69,84,35,3,11,49.833,отлично
3,79,33,15,7,51,31.333,отлично
30,94,58,55,74,90,66.833,отлично
14,76,24,77,95,38,54.0,хорошо
26,95,15,69,98,43,57.667,хорошо
73,86,60,44,61,63,64.5,отлично
50,84,23,18,47,89,51.833,хорошо
24,82,32,57,41,7,40.5,отлично
65,92,27,94,16,11,50.833,хорошо
56,11,28,50,39,72,42.667,отлично
41,81,39,10,7,83,43.5,отлично
31,30,67,51,20,45,40.667,отлично
35,16,80,32,14,42,36.5,отлично
31,54,97,0,93,26,50.167,хорошо
64,96,99,78,40,51,71.333,отлично
1,1,98,70,77,4,41.833,отлично
47,81,78,91,93,72,77.0,отлично
81,2,82,84,79,84,68.667,отлично
76,68,45,48,68,65,61.667,отлично
73,29,24,23,74,6,38.167,отлично
11,64,98,54,27,47,50.167,хорошо
1,97,41,20,56,59,45.667,отлично
27,86,86,19,85,13,52.667,хорошо
1,4,11,82,93,47,39.667,отлично
18,94,2,72,95,12,48.833,отлично
69,64,53,76,35,61,59.667,хорошо
6,36,92,73,51,27,47.5,отлично
69,52,99,15,70,95,66.667,отлично
58,55,92,19,0,83,51.167,хорошо
29,32,50,17,74,41,40.5,отлично
26,73,83,72,99,38,65.167,отлично
97,87,69,86,28,27,65.667,отлично
52,44,35,48,92,73,57.333,хорошо
7,9,92,53,86,45,48.667,отлично
58,16,48,71,97,14,50.667,хорошо
94,71,85,65,55,71,73.5,отлично
10,10,30,21,85,31,31.167,отлично
73,90,55,43,8,66,55.833,хорошо
69,36,80,82,77,79,70.5,отлично
31,68,71,35,17,32,42.333,отлично
63,42,2,27,27,93,42.333,отлично
52,24,15,82,96,99,61.333,отлично
55,94,64,56,12,16,49.5,отлично
9,69,39,12,87,67,47.167,отлично
94,71,58,12,62,7,50.667,хорошо
71,79,31,85,77,71,69.0,отлично
57,90,1,42,28,66,47.333,отлично
20,31,43,66,95,91,57.667,хорошо
74,10,37,30,98,46,49.167,отлично
86,28,37,50,33,42,46.0,отлично
5,4,37,37,65,11,26.5,удовлетворительно
64,96,23,86,93,45,67.833,отлично
19,25,74,11,98,78,50.833,хорошо
54,12,99,59,55,73,58.667,хорошо
39,4,82,80,6,54,44.167,отлично
38,50,55,49,25,39,42.667,отлично
89,41,36,80,48,79,62.167,отлично
49,41,90,20,0,87,47.833,отлично
60,5,11,10,11,50,24.5,удовлетворительно
28,22,5,6,37,76,29.0,удовлетворительно
62,5,67,49,67,41,48.5,отлично
26,96,17,59,83,0,46.833,отлично
20,36,26,27,75,71,42.5,отлично
41,2,96,95,77,3,52.333,хорошо
33,38,53,63,42,80,51.5,хорошо
12,93,67,96,38,69,62.5,отлично
70,25,71,81,29,62,56.333,хорошо
57,51,79,10,37,94,54.667,хорошо
45,56,91,18,1,13,37.333,отлично
95,66,52,34,7,96,58.333,хорошо
48,76,27,12,43,65,45.167,отлично
94,60,93,33,96,82,76.333,отлично
4,62,79,34,97,44,53.333,хорошо
88,34,12,61,48,20,43.833,отлично
46,8,74,12,51,6,32.833,отлично
76,73,60,98,75,52,72.333,отлично
87,41,4,21,83,98,55.667,хорошо
93,20,32,21,27,29,37.0,отлично
48,44,34,76,33,63,49.667,отлично
47,30,40,74,43,74,51.333,хорошо
97,90,46,64,98,85,80.0,отлично
61,81,52,13,4,50,43.5,отлично
71,76,10,25,93,11,47.667,отлично
95,27,21,32,11,18,34.0,отлично
73,0,64,83,49,12,46.833,отлично
89,38,33,12,78,90,56.667,хорошо
99,18,77,11,41,48,49.0,отлично
27,17,34,48,72,89,47.833,отлично
88,95,24,48,6,16,46.167,отлично
80,96,26,55,28,95,63.333,отлично
81,33,43,69,44,24,49.0,отлично
49,13,82,20,92,97,58.833,хорошо
4,18,36,3,9,29,16.5,удовлетворительно
37,56,94,95,10,58,58.333,хорошо
3,16,26,0,4,95,24.0,удовлетворительно
12,39,74,24,63,34,41.0,отлично
70,11,39,64,62,4,41.667,отлично
64,58,43,99,23,83,61.667,отлично
38,87,66,12,98,26,54.5,хорошо
53,17,69,49,30,10,38.0,отлично
62,84,73,88,96,52,75.833,отлично
21,36,87,88,45,61,56.333,хорошо
47,10,54,95,11,70,47.833,отлично
98,32,56,74,53,56,61.5,отлично
40,86,82,77,29,50,60.667,отлично
69,36,42,87,95,45,62.333,отлично
88,59,24,12,69,10,43.667,отлично
37,67,24,70,20,23,40.167,отлично
30,16,16,27,36,48,28.833,удовлетворительно
84,2,69,28,5,58,41.0,отлично
60,31,50,70,85,3,49.833,отлично
10,82,23,56,3,96,45.0,отлично
59,32,77,48,45,63,54.0,хорошо
69,43,56,42,2,25,39.5,отлично
57,90,91,13,21,60,55.333,хорошо
76,75,83,68,61,56,69.833,отлично
7,83,66,3,82,22,43.833,отлично
21,73,78,46,95,30,57.167,хорошо
33,80,70,86,98,69,72.667,отлично
28,80,31,3,24,86,42.0,отлично
6,86,63,64,13,12,40.667,отлично
5,74,72,31,73,58,52.167,хорошо
61,32,76,95,62,12,56.333,хорошо
13,53,71,86,40,51,52.333,хорошо
19,50,52,65,43,18,41.167,отлично
85,12,57,79,19,15,44.5,отлично
78,73,26,95,31,17,53.333,хорошо
60,49,11,3,98,76,49.5,отлично
28,5,30,60,3,50,29.333,удовлетворительно
84,77,48,63,89,57,69.667,отлично
56,88,56,65,34,59,59.667,хорошо
5,18,72,23,45,94,42.833,отлично
54,15,9,49,83,5,35.833,отлично
51,91,44,66,82,38,62.0,отлично
61,74,78,36,62,49,60.0,отлично
84,16,40,98,3,35,46.0,отлично
23,91,2,94,95,17,53.667,хорошо
74,37,81,55,80,33,60.0,отлично
73,5,61,19,80,3,40.167,отлично
34,79,36,83,29,65,54.333,хорошо
35,46,53,29,67,96,54.333,хорошо
94,96,15,46,16,59,54.333,хорошо
68,39,29,34,83,65,53.0,хорошо
51,31,32,30,68,34,41.0,отлично
21,62,60,4,66,31,40.667,отлично
75,38,53,52,51,80,58.167,хорошо
48,58,33,81,83,4,51.167,хорошо
17,50,82,13,95,60,52.833,хорошо
33,53,23,8,71,11,33.167,отлично
77,35,35,1,45,87,46.667,отлично
46,19,65,83,92,97,67.0,отлично
51,9,65,35,27,22,34.833,отлично
2,50,12,40,81,10,32.5,отлично
2,56,14,42,2,51,27.833,удовлетворительно
62,41,36,49,28,35,41.833,отлично
79,4,61,84,28,3,43.167,отлично
39,20,38,57,42,92,48.0,отлично
95,97,15,59,78,21,60.833,отлично
45,39,3,30,70,38,37.5,отлично
58,4,31,29,26,38,31.0,отлично
3,81,9,18,98,84,48.833,отлично
39,48,24,86,64,76,56.167,хорошо
53,97,7,49,73,99,63.0,отлично
24,51,44,58,51,58,47.667,отлично
79,85,91,56,18,44,62.167,отлично
44,30,70,19,53,2,36.333,отлично
25,99,92,19,39,12,47.667,отлично
41,88,86,14,92,30,58.5,хорошо
90,99,52,44,7,20,52.0,хорошо
54,83,64,52,77,64,65.667,отлично
66,59,11,47,41,46,45.0,отлично
40,14,30,64,94,20,43.667,отлично
48,69,69,92,68,50,66.0,отлично
71,9,40,78,15,83,49.333,отлично
80,99,36,93,37,89,72.333,отлично
4,15,2,64,77,95,42.833,отлично
24,50,73,43,9,19,36.333,отлично
66,98,87,39,52,35,62.833,отлично
31,13,39,1,29,92,34.167,отлично
46,20,78,94,63,11,52.0,хорошо
97,65,27,6,27,37,43.167,отлично
91,31,24,37,15,30,38.0,отлично
17,76,97,8,19,20,39.5,отлично
37,3,89,37,26,55,41.167,отлично
28,14,69,36,4,59,35.0,отлично
97,97,38,80,83,72,77.833,отлично
97,73,98,36,50,89,73.833,отлично
57,36,63,63,52,28,49.833,отлично
12,94,74,82,95,51,68.0,отлично
90,67,58,60,3,34,52.0,хорошо
